tempo_conversa_min;risadas;pontos_comuns;nivel_timidez;mensagens_antes;iniciativa_conversa;local_encontro;momento_da_vida;segundo_encontro
112;16;6;0;45;8;Restaurante;Estressado;Sim
102;13;2;10;41;6;Bar;Estável;Sim
24;8;2;3;16;9;Café;Estável;Sim
116;7;4;0;8;4;Bar;Estressado;Sim
81;1;2;5;5;7;Parque;Estável;Não
30;12;1;3;42;1;Parque;Estressado;Não
112;6;9;4;24;6;Café;Estressado;Sim
131;8;8;4;38;3;Bar;Estressado;Sim
84;10;1;8;48;8;Café;Estável;Sim
97;13;10;0;27;0;Parque;Estressado;Sim
126;3;1;1;32;6;Café;Estável;Sim
109;12;7;5;36;5;Bar;Estressado;Sim
113;1;8;4;8;7;Parque;Estressado;Sim
140;4;6;10;17;4;Restaurante;Cansado;Não
62;10;2;6;20;0;Parque;Cansado;Não
11;5;8;2;1;0;Restaurante;Cansado;Sim
97;17;2;2;42;8;Café;Estável;Sim
47;9;4;9;37;9;Café;Estável;Sim
139;3;8;1;39;5;Bar;Estressado;Sim
30;8;2;2;35;9;Restaurante;Estressado;Sim
67;5;6;9;49;4;Café;Estressado;Sim
31;1;0;0;42;0;Restaurante;Estressado;Não
98;16;3;4;36;5;Café;Estável;Sim
58;4;3;4;14;5;Parque;Estressado;Não
68;5;6;10;27;2;Café;Estressado;Não
24;11;7;6;17;7;Bar;Cansado;Sim
60;9;0;3;33;0;Parque;Estressado;Não
117;5;4;2;21;0;Bar;Estressado;Não
64;7;6;0;10;5;Parque;Estressado;Sim
73;1;3;7;12;9;Restaurante;Estável;Não
140;11;3;2;3;0;Bar;Cansado;Não
60;12;3;1;21;5;Café;Estressado;Sim
144;6;5;10;6;0;Restaurante;Estressado;Não
30;9;6;3;42;5;Café;Cansado;Sim
82;12;1;2;23;2;Parque;Estressado;Não
27;16;4;0;3;7;Parque;Estável;Sim
141;13;3;2;27;5;Café;Estressado;Sim
98;1;2;1;14;10;Café;Estável;Sim
69;10;6;7;0;0;Restaurante;Estável;Não
23;0;10;5;2;4;Café;Estressado;Sim
18;18;5;8;13;7;Bar;Cansado;Sim
99;3;6;7;37;2;Bar;Estável;Não
62;18;4;9;49;5;Café;Cansado;Sim
139;10;5;2;0;4;Bar;Estressado;Sim
93;7;4;4;37;5;Café;Estável;Sim
101;10;6;6;37;9;Restaurante;Estressado;Sim
120;3;1;4;20;0;Bar;Cansado;Não
17;16;10;7;47;6;Bar;Estressado;Sim
44;6;4;4;28;8;Café;Estressado;Sim
90;7;5;0;4;1;Bar;Estável;Sim
59;2;5;4;48;9;Parque;Estressado;Sim
113;1;4;3;9;4;Restaurante;Estressado;Não
141;14;9;5;27;9;Restaurante;Estressado;Sim
11;4;6;2;20;3;Bar;Estável;Sim
143;0;9;10;49;5;Bar;Cansado;Sim
63;3;7;4;6;5;Parque;Cansado;Sim
115;14;6;1;2;10;Parque;Estressado;Sim
13;19;4;10;44;1;Bar;Estável;Sim
63;18;0;5;46;1;Bar;Estressado;Não
53;2;4;5;19;3;Parque;Cansado;Não
23;19;9;4;18;0;Café;Estável;Sim
104;10;1;5;34;8;Parque;Cansado;Sim
57;16;4;10;3;6;Café;Cansado;Sim
24;12;4;6;4;6;Restaurante;Estável;Sim
49;10;1;4;0;2;Restaurante;Estável;Não
91;1;4;0;3;10;Parque;Estressado;Sim
120;8;3;7;11;2;Café;Estressado;Não
62;1;0;3;26;0;Parque;Cansado;Não
33;8;2;8;41;2;Parque;Estável;Não
133;8;0;9;22;2;Café;Estável;Não
50;7;10;5;24;3;Parque;Estressado;Sim
24;16;4;0;20;3;Restaurante;Cansado;Sim
54;0;3;2;23;2;Bar;Cansado;Não
74;10;6;2;24;9;Bar;Estressado;Sim
98;7;4;9;44;7;Parque;Estável;Sim
80;9;9;3;45;7;Café;Estressado;Sim
18;6;3;5;31;0;Café;Estressado;Não
97;2;1;6;31;6;Restaurante;Estressado;Não
138;2;3;9;4;10;Café;Estressado;Sim
145;17;1;3;35;1;Café;Estável;Sim
72;4;7;5;45;0;Restaurante;Estressado;Não
148;11;2;10;41;2;Parque;Estável;Não
90;11;8;0;48;3;Bar;Estressado;Sim
145;18;3;7;41;5;Restaurante;Cansado;Sim
42;5;5;6;38;9;Parque;Estável;Sim
132;1;9;10;15;4;Restaurante;Cansado;Sim
14;11;4;10;32;3;Parque;Estressado;Não
50;18;9;8;48;7;Restaurante;Estressado;Sim
37;4;0;2;20;10;Parque;Estressado;Não
144;11;8;1;8;3;Restaurante;Estável;Sim
81;16;0;0;5;9;Parque;Cansado;Sim
21;16;7;2;44;1;Restaurante;Estável;Sim
42;9;8;4;34;2;Bar;Estável;Sim
57;16;8;10;38;5;Bar;Estressado;Sim
71;14;0;1;21;7;Café;Cansado;Sim
46;11;1;2;40;7;Parque;Estressado;Sim
108;15;0;3;4;10;Restaurante;Estável;Sim
113;18;9;6;41;8;Parque;Estressado;Sim
44;7;1;2;22;6;Bar;Cansado;Não
110;16;9;8;16;1;Parque;Estressado;Sim
140;4;7;7;11;7;Restaurante;Cansado;Sim
10;15;4;3;22;6;Parque;Cansado;Sim
14;5;10;0;15;7;Restaurante;Estressado;Sim
112;7;6;0;2;2;Bar;Estável;Sim
36;17;1;0;29;6;Bar;Estressado;Sim
146;11;7;0;21;9;Bar;Estável;Sim
24;14;10;7;8;8;Café;Estável;Sim
99;8;5;2;28;2;Bar;Estressado;Sim
51;12;7;5;46;9;Parque;Estável;Sim
133;14;0;2;36;5;Café;Estável;Sim
72;9;0;10;22;1;Bar;Estressado;Não
105;15;6;4;12;1;Parque;Estressado;Sim
61;6;7;6;31;4;Parque;Estressado;Sim
105;16;2;1;45;4;Parque;Estável;Sim
141;6;4;5;46;6;Restaurante;Cansado;Sim
38;13;0;5;47;1;Café;Estável;Não
45;14;6;10;22;10;Parque;Cansado;Sim
22;6;4;2;44;6;Restaurante;Estressado;Sim
80;8;7;5;16;4;Bar;Cansado;Sim
95;18;7;9;39;5;Parque;Estressado;Sim
37;15;8;9;20;7;Restaurante;Estressado;Sim
75;7;6;4;1;9;Parque;Cansado;Sim
54;17;10;1;36;3;Café;Estressado;Sim
71;17;0;8;5;6;Café;Cansado;Sim
143;19;2;7;43;5;Bar;Estressado;Sim
37;6;7;2;17;9;Parque;Estável;Sim
37;2;2;7;29;1;Restaurante;Estável;Não
117;17;7;8;21;7;Bar;Estressado;Sim
53;9;0;2;32;9;Parque;Estressado;Sim
93;6;4;2;29;8;Bar;Cansado;Sim
39;16;3;1;16;4;Restaurante;Estável;Sim
84;13;4;7;42;9;Bar;Cansado;Sim
137;2;7;9;31;3;Bar;Estressado;Não
101;11;9;0;41;5;Bar;Estressado;Sim
138;12;3;7;13;7;Parque;Cansado;Sim
130;1;10;6;9;10;Restaurante;Estressado;Sim
36;2;3;6;46;2;Café;Estável;Não
130;4;2;2;35;9;Parque;Cansado;Sim
125;10;6;0;33;10;Café;Estável;Sim
12;7;2;3;8;10;Café;Estável;Sim
112;11;2;8;41;0;Parque;Estável;Não
146;6;10;4;27;3;Parque;Cansado;Sim
71;14;9;0;10;3;Restaurante;Estressado;Sim
60;16;4;4;13;0;Restaurante;Estável;Sim
68;3;4;7;38;8;Bar;Estável;Sim
127;12;5;7;46;2;Café;Estável;Sim
105;17;7;4;18;4;Restaurante;Estressado;Sim
122;0;9;8;14;5;Bar;Estressado;Sim
71;15;5;0;27;7;Restaurante;Cansado;Sim
61;12;0;3;23;5;Parque;Estressado;Não
21;9;7;2;7;2;Restaurante;Cansado;Sim
48;11;7;1;42;5;Café;Cansado;Sim
139;1;8;7;8;0;Restaurante;Cansado;Não
140;2;8;6;46;3;Café;Cansado;Sim
122;9;1;8;32;5;Parque;Cansado;Não
110;1;1;1;32;6;Café;Estável;Sim
122;12;2;3;18;10;Restaurante;Estressado;Sim
90;12;0;5;2;10;Bar;Estável;Sim
122;17;3;10;9;9;Parque;Cansado;Sim
11;2;3;2;39;2;Restaurante;Estressado;Não
139;6;8;7;46;8;Parque;Estável;Sim
63;13;8;2;41;6;Parque;Estável;Sim
96;19;8;1;0;0;Restaurante;Cansado;Sim
138;16;9;2;28;1;Restaurante;Estável;Sim
135;11;6;10;49;0;Bar;Estável;Sim
139;15;1;5;33;10;Parque;Estável;Sim
62;11;9;1;12;8;Parque;Estável;Sim
77;14;4;7;0;8;Restaurante;Estável;Sim
132;9;3;0;33;6;Café;Cansado;Sim
47;6;10;6;28;9;Restaurante;Cansado;Sim
33;19;7;1;47;2;Parque;Estável;Sim
78;4;1;9;46;4;Restaurante;Cansado;Não
125;0;5;5;12;3;Bar;Cansado;Não
107;16;4;1;47;6;Café;Estressado;Sim
148;2;1;1;48;8;Restaurante;Estável;Sim
106;12;10;9;28;1;Bar;Cansado;Sim
133;13;9;7;38;7;Parque;Cansado;Sim
79;17;0;1;23;8;Restaurante;Estável;Sim
102;3;7;6;25;9;Parque;Estressado;Sim
12;17;1;2;16;9;Bar;Estável;Sim
99;4;6;7;6;8;Parque;Estressado;Sim
105;15;8;6;12;9;Bar;Estável;Sim
61;0;8;7;4;6;Bar;Estável;Sim
137;13;7;6;25;8;Bar;Estável;Sim
48;14;10;10;48;8;Restaurante;Estável;Sim
91;8;9;5;2;2;Parque;Estressado;Sim
113;14;8;6;6;3;Parque;Estressado;Sim
138;16;1;4;48;1;Café;Cansado;Sim
20;3;5;6;38;9;Café;Estável;Sim
51;11;3;0;0;2;Café;Estressado;Sim
108;4;3;0;48;10;Café;Estressado;Sim
16;4;4;8;16;10;Parque;Estressado;Sim
99;10;2;4;42;4;Bar;Estável;Sim
121;5;0;4;24;4;Bar;Cansado;Não
69;6;7;2;2;5;Restaurante;Estressado;Sim
122;13;4;4;14;6;Bar;Estável;Sim
11;10;2;2;28;6;Parque;Estressado;Sim
138;12;9;8;42;0;Parque;Estressado;Sim
57;1;6;8;31;1;Parque;Cansado;Não
149;6;6;5;25;8;Restaurante;Estressado;Sim
46;19;0;0;15;9;Café;Estressado;Sim
18;3;8;6;24;1;Bar;Estável;Não
108;7;1;6;27;5;Parque;Estável;Não
57;19;4;9;8;10;Parque;Cansado;Sim
140;18;4;9;0;10;Café;Estável;Sim
63;12;7;3;28;0;Parque;Estável;Sim
129;13;7;7;21;2;Bar;Cansado;Sim
125;9;6;5;15;1;Restaurante;Estressado;Sim
84;10;6;3;40;2;Parque;Cansado;Sim
122;1;10;3;43;4;Bar;Estável;Sim
113;8;5;1;40;10;Parque;Cansado;Sim
93;16;5;1;6;9;Café;Estressado;Sim
121;2;10;3;13;5;Parque;Cansado;Sim
108;5;8;4;28;8;Parque;Estável;Sim
102;4;5;7;18;10;Restaurante;Estável;Sim
137;4;1;5;18;9;Café;Cansado;Sim
119;14;1;3;1;3;Café;Estressado;Sim
91;16;4;10;40;6;Restaurante;Cansado;Sim
63;8;3;6;44;5;Parque;Estressado;Sim
77;2;10;7;14;1;Bar;Estressado;Não
42;19;1;1;2;9;Café;Cansado;Sim
30;16;2;6;10;10;Café;Estressado;Sim
57;9;6;1;45;10;Parque;Estável;Sim
137;2;7;1;29;10;Parque;Cansado;Sim
145;17;5;7;39;7;Café;Estressado;Sim
144;17;10;1;17;6;Parque;Estável;Sim
137;16;4;10;47;6;Bar;Cansado;Sim
42;2;0;8;1;7;Café;Estável;Não
124;2;7;0;31;10;Bar;Estável;Sim
128;5;2;8;7;0;Bar;Estável;Não
31;12;5;0;21;0;Parque;Estressado;Sim
47;14;2;9;5;7;Bar;Cansado;Não
118;8;6;9;11;3;Parque;Cansado;Sim
60;3;6;1;46;4;Restaurante;Estressado;Sim
17;13;8;5;39;7;Parque;Cansado;Sim
36;4;4;5;35;4;Bar;Estável;Não
36;1;7;0;14;9;Restaurante;Cansado;Sim
30;10;9;6;27;3;Parque;Estressado;Sim
39;8;9;7;48;5;Bar;Estável;Sim
106;2;7;1;44;4;Café;Estressado;Sim
37;8;0;7;17;6;Café;Estável;Não
120;2;4;8;1;9;Parque;Estável;Sim
70;1;2;5;12;6;Parque;Cansado;Não
57;11;0;4;44;3;Café;Estável;Sim
13;9;3;8;14;4;Bar;Estressado;Não
44;8;7;10;19;2;Bar;Cansado;Não
58;14;2;8;28;3;Bar;Estressado;Não
26;7;9;0;41;3;Parque;Estável;Sim
55;4;1;10;28;2;Restaurante;Estressado;Não
126;10;10;2;2;9;Restaurante;Estressado;Sim
15;1;8;8;18;4;Restaurante;Estável;Não
108;14;9;10;2;4;Restaurante;Cansado;Sim
133;5;4;1;13;10;Restaurante;Estressado;Sim
46;7;6;3;39;6;Parque;Estável;Sim
33;4;10;3;3;3;Parque;Cansado;Sim
102;15;10;1;10;3;Restaurante;Cansado;Sim
55;17;1;2;30;8;Parque;Cansado;Sim
104;5;8;2;42;5;Parque;Estressado;Sim
108;4;8;0;31;3;Restaurante;Estressado;Sim
125;15;3;5;26;1;Bar;Estressado;Não
76;12;3;7;29;5;Parque;Cansado;Sim
137;4;5;2;42;1;Bar;Estressado;Não
27;12;9;4;1;4;Parque;Estável;Sim
34;16;9;0;48;5;Parque;Estressado;Sim
63;17;9;9;8;3;Restaurante;Estressado;Sim
67;7;5;6;27;2;Parque;Cansado;Sim
76;12;0;9;30;6;Café;Estressado;Não
113;18;8;0;33;1;Café;Estável;Sim
33;2;1;10;14;10;Restaurante;Cansado;Não
123;7;4;8;47;5;Bar;Estável;Sim
41;1;8;7;24;3;Bar;Cansado;Não
95;7;3;6;35;5;Bar;Cansado;Não
136;12;10;9;7;3;Café;Estressado;Sim
139;12;2;6;8;3;Bar;Estável;Não
26;0;6;4;36;3;Bar;Cansado;Não
113;5;5;4;47;8;Restaurante;Estressado;Sim
146;18;7;10;44;6;Bar;Cansado;Sim
52;15;2;4;38;2;Café;Cansado;Sim
48;7;4;0;31;2;Café;Cansado;Sim
35;0;9;7;16;5;Café;Cansado;Sim
108;15;3;10;34;5;Restaurante;Cansado;Sim
59;8;3;0;36;3;Restaurante;Cansado;Sim
22;12;3;3;18;8;Parque;Estressado;Sim
69;10;9;8;43;3;Bar;Cansado;Sim
144;12;7;8;28;8;Restaurante;Estável;Sim
66;9;5;4;6;3;Café;Estressado;Sim
45;3;2;3;27;1;Café;Estável;Não
29;5;9;2;8;1;Restaurante;Cansado;Sim
74;6;4;2;27;4;Restaurante;Estável;Sim
17;4;5;4;5;3;Restaurante;Cansado;Não
124;10;4;9;28;6;Parque;Cansado;Sim
101;12;5;0;16;10;Café;Estressado;Sim
107;18;7;4;15;4;Parque;Estressado;Sim
75;9;6;5;22;5;Parque;Cansado;Sim
41;9;4;6;30;9;Bar;Estressado;Sim
95;10;9;8;2;3;Café;Estável;Sim
60;6;5;2;20;1;Café;Estressado;Sim
72;17;3;1;25;9;Restaurante;Estressado;Sim
134;3;8;2;35;8;Restaurante;Estável;Sim
67;1;3;8;41;9;Bar;Estressado;Não
67;13;0;6;36;6;Parque;Cansado;Sim
95;12;6;8;21;3;Restaurante;Estável;Sim
58;11;6;1;41;2;Restaurante;Cansado;Sim
79;6;3;4;11;9;Café;Estável;Sim
24;1;2;3;41;2;Café;Cansado;Não
63;12;7;1;12;8;Restaurante;Cansado;Sim
110;13;4;8;10;4;Café;Estressado;Sim
17;16;9;8;15;2;Bar;Cansado;Sim
62;8;6;5;7;4;Restaurante;Estressado;Sim
69;16;3;10;39;1;Café;Estável;Sim
117;7;3;5;39;10;Bar;Cansado;Sim
14;1;7;7;44;3;Café;Cansado;Sim
112;12;7;5;1;9;Café;Estável;Sim
15;2;1;0;29;1;Café;Estável;Não
118;15;1;3;29;1;Restaurante;Cansado;Sim
125;5;2;6;11;7;Parque;Estável;Sim
103;18;2;1;9;0;Café;Estressado;Sim
56;6;0;8;43;6;Bar;Estável;Não
108;9;2;7;10;4;Restaurante;Estável;Não
64;8;5;7;14;10;Restaurante;Cansado;Sim
61;1;7;6;15;7;Bar;Estressado;Não
22;14;9;3;16;0;Café;Estável;Sim
123;4;5;1;25;10;Parque;Estressado;Sim
133;3;4;2;1;6;Café;Estressado;Sim
115;19;3;5;49;4;Bar;Estressado;Sim
129;3;2;4;11;3;Restaurante;Cansado;Não
72;17;3;7;25;6;Parque;Estável;Sim
28;3;6;5;22;9;Restaurante;Cansado;Sim
101;16;0;5;17;1;Bar;Estável;Não
67;11;6;0;31;0;Café;Estável;Sim
99;16;0;3;48;0;Parque;Cansado;Sim
126;9;1;4;37;10;Restaurante;Estressado;Sim
71;0;3;10;46;0;Restaurante;Estressado;Não
32;17;0;2;2;4;Restaurante;Estável;Sim
136;17;10;8;37;9;Café;Cansado;Sim
146;13;10;0;2;6;Parque;Estressado;Sim
149;14;10;5;29;1;Café;Estressado;Sim
138;11;8;5;0;9;Café;Estável;Sim
67;3;5;9;29;7;Café;Estável;Sim
131;2;0;4;44;3;Bar;Cansado;Não
10;19;0;4;31;2;Bar;Estável;Não
43;11;5;9;27;9;Bar;Estressado;Sim
105;6;3;4;20;10;Parque;Estressado;Sim
135;10;3;5;45;7;Café;Estressado;Sim
127;0;10;7;12;1;Café;Estressado;Sim
57;5;5;1;26;10;Bar;Cansado;Sim
98;14;10;5;35;10;Café;Cansado;Sim
126;14;6;0;6;2;Café;Estável;Sim
138;18;8;3;21;2;Restaurante;Estável;Sim
25;10;9;9;9;9;Café;Estável;Sim
78;1;4;2;38;10;Restaurante;Cansado;Sim
31;13;8;8;14;0;Café;Estressado;Sim
102;1;3;2;14;5;Parque;Estável;Sim
85;3;9;5;3;1;Bar;Estressado;Não
95;16;1;0;31;0;Restaurante;Estável;Sim
38;2;2;5;22;1;Bar;Estável;Não
78;12;10;3;5;5;Restaurante;Estável;Sim
56;8;0;7;23;3;Restaurante;Estável;Não
103;6;5;10;19;5;Restaurante;Estável;Sim
94;14;5;8;36;8;Parque;Estressado;Sim
48;10;0;3;19;9;Café;Estável;Sim
109;19;10;9;11;9;Restaurante;Estressado;Sim
42;1;2;9;32;7;Parque;Cansado;Não
110;14;4;5;27;0;Restaurante;Estável;Sim
32;13;2;0;7;7;Café;Estressado;Sim
19;19;9;3;0;8;Restaurante;Cansado;Sim
78;10;2;6;36;5;Parque;Cansado;Sim
109;2;9;0;21;9;Café;Cansado;Sim
43;16;2;7;5;4;Parque;Estressado;Não
147;11;4;9;20;5;Café;Estável;Sim
105;14;4;10;31;5;Café;Estável;Sim
10;15;3;5;34;8;Bar;Estressado;Sim
78;4;0;4;14;3;Bar;Estável;Não
13;19;4;9;4;1;Bar;Estressado;Não
25;5;9;10;45;10;Café;Estável;Sim
33;18;4;8;49;10;Restaurante;Cansado;Sim
89;4;3;1;47;8;Parque;Estável;Sim
11;2;5;4;5;1;Parque;Estressado;Não
137;0;9;5;24;9;Parque;Estressado;Sim
93;5;3;6;45;8;Bar;Cansado;Sim
149;14;6;4;39;1;Café;Estressado;Sim
133;1;6;8;28;7;Bar;Estável;Sim
42;2;1;0;6;8;Restaurante;Estável;Não
110;16;2;6;39;9;Café;Cansado;Sim
21;11;0;9;12;8;Parque;Estressado;Não
76;17;7;6;37;9;Bar;Cansado;Sim
74;14;8;3;17;8;Bar;Estável;Sim
83;11;3;8;1;1;Restaurante;Cansado;Não
52;15;5;10;7;3;Restaurante;Estressado;Não
53;7;8;4;10;6;Bar;Cansado;Sim
38;13;5;3;32;1;Restaurante;Estressado;Sim
21;16;8;6;37;0;Parque;Estressado;Sim
104;7;3;3;47;2;Restaurante;Estável;Sim
55;14;7;2;26;3;Restaurante;Estável;Sim
139;13;8;8;19;7;Bar;Estável;Sim
44;17;3;10;11;5;Bar;Estressado;Não
90;19;4;7;42;10;Café;Cansado;Sim
99;6;7;0;30;1;Café;Estressado;Sim
17;2;9;6;26;8;Bar;Estável;Sim
102;11;5;8;31;1;Restaurante;Estável;Sim
99;2;6;7;9;4;Restaurante;Cansado;Não
124;19;2;7;2;3;Café;Estável;Sim
114;13;6;5;44;6;Café;Estável;Sim
144;14;7;10;26;7;Café;Estável;Sim
67;13;9;3;34;4;Parque;Cansado;Sim
123;6;5;7;30;9;Parque;Estressado;Sim
84;16;9;2;14;4;Café;Estável;Sim
129;11;8;8;15;1;Restaurante;Cansado;Sim
30;19;5;1;12;7;Café;Estável;Sim
147;3;8;1;48;1;Parque;Cansado;Sim
110;8;3;6;34;9;Restaurante;Estável;Sim
108;5;7;9;10;5;Parque;Cansado;Sim
45;15;10;3;20;7;Restaurante;Estável;Sim
105;1;3;9;10;5;Parque;Estressado;Não
46;7;1;7;29;3;Restaurante;Estável;Não
21;10;9;8;47;3;Restaurante;Cansado;Sim
122;12;10;6;34;5;Restaurante;Estável;Sim
22;16;8;4;21;3;Restaurante;Estressado;Sim
32;7;4;7;37;7;Bar;Estável;Sim
108;17;3;3;30;8;Parque;Cansado;Sim
114;17;1;1;13;0;Parque;Cansado;Sim
39;13;0;10;23;3;Bar;Estressado;Não
26;14;10;5;49;3;Restaurante;Cansado;Sim
122;5;6;8;48;1;Restaurante;Estável;Sim
71;10;5;0;31;5;Parque;Estável;Sim
93;12;1;10;35;2;Bar;Estável;Não
121;0;7;9;31;6;Restaurante;Cansado;Sim
95;5;10;6;14;10;Restaurante;Estável;Sim
28;8;3;9;42;10;Restaurante;Estável;Sim
109;7;7;8;34;4;Café;Estável;Sim
149;10;6;9;2;3;Bar;Estressado;Não
85;18;4;8;15;4;Restaurante;Cansado;Sim
18;8;9;9;4;7;Café;Cansado;Sim
37;16;9;10;20;2;Bar;Cansado;Sim
137;11;7;2;9;6;Restaurante;Estressado;Sim
61;13;8;10;18;5;Parque;Cansado;Sim
92;14;4;4;24;0;Café;Estressado;Sim
120;15;9;7;3;6;Café;Estressado;Sim
126;19;4;7;28;6;Restaurante;Cansado;Sim
78;0;1;3;18;0;Restaurante;Estável;Não
108;9;4;10;42;8;Café;Estável;Sim
149;7;2;10;1;5;Parque;Cansado;Não
34;17;6;0;9;1;Parque;Cansado;Sim
132;0;9;0;42;4;Bar;Estressado;Sim
62;1;4;3;24;10;Restaurante;Cansado;Sim
66;0;7;5;19;3;Parque;Estressado;Não
48;0;0;7;47;6;Bar;Cansado;Não
118;8;2;5;18;7;Parque;Estável;Sim
51;12;2;8;22;10;Restaurante;Estável;Sim
131;0;8;8;23;10;Bar;Cansado;Sim
142;12;4;1;10;0;Bar;Estressado;Sim
84;19;8;9;45;4;Bar;Estável;Sim
85;6;8;0;33;2;Parque;Estressado;Sim
18;1;0;1;27;0;Restaurante;Cansado;Não
83;5;1;4;4;2;Bar;Cansado;Não
16;6;4;3;4;5;Café;Estável;Sim
146;13;3;3;20;6;Restaurante;Cansado;Sim
36;17;9;8;11;7;Café;Estável;Sim
131;14;8;10;49;10;Café;Estressado;Sim
14;1;6;7;3;3;Bar;Estável;Não
38;9;5;5;48;2;Bar;Estável;Sim
92;11;6;0;41;4;Parque;Estressado;Sim
145;16;0;1;19;8;Parque;Estável;Sim
118;7;0;5;37;5;Parque;Estável;Não
74;10;7;10;24;8;Restaurante;Cansado;Sim
95;2;1;1;13;5;Parque;Estressado;Não
80;5;9;9;10;1;Café;Estável;Sim
54;8;10;4;31;4;Parque;Estressado;Sim
141;5;8;4;10;10;Bar;Estressado;Sim
45;8;6;5;17;8;Parque;Estável;Sim
79;6;5;5;26;7;Restaurante;Cansado;Sim
28;8;0;5;17;6;Restaurante;Estressado;Não
117;17;0;1;22;0;Café;Estável;Sim
100;11;1;9;10;3;Restaurante;Estressado;Não
99;7;5;2;20;6;Parque;Cansado;Sim
28;7;5;5;43;10;Bar;Cansado;Sim
48;17;1;7;4;6;Restaurante;Cansado;Sim
135;19;0;10;22;5;Café;Estável;Sim
135;14;9;0;40;7;Parque;Estável;Sim
67;6;4;0;24;10;Café;Cansado;Sim
70;10;4;10;40;5;Restaurante;Estável;Sim
136;19;1;1;9;9;Restaurante;Cansado;Sim
114;15;5;10;21;2;Café;Estável;Sim
10;3;8;5;18;3;Parque;Cansado;Sim
140;5;1;8;0;2;Restaurante;Estressado;Não
101;2;9;3;6;0;Bar;Cansado;Sim
122;8;1;2;3;9;Restaurante;Cansado;Sim
65;9;2;7;0;4;Parque;Estável;Não
126;13;6;10;14;0;Restaurante;Estável;Sim
143;10;5;9;39;0;Café;Estável;Sim
67;17;7;8;11;1;Restaurante;Estável;Sim
53;11;7;10;21;3;Restaurante;Estável;Sim
70;11;5;4;21;5;Parque;Estável;Sim
56;12;10;8;49;7;Café;Estressado;Sim
89;12;9;1;46;2;Parque;Cansado;Sim
127;18;2;2;16;0;Restaurante;Cansado;Sim
29;18;2;6;28;2;Bar;Cansado;Não
56;13;0;6;45;2;Restaurante;Estressado;Não
58;3;6;5;13;4;Parque;Cansado;Sim
23;12;4;5;49;10;Bar;Estressado;Sim
10;7;3;1;19;3;Parque;Estressado;Não
126;18;9;9;49;3;Parque;Estressado;Sim
63;11;3;5;47;8;Café;Cansado;Sim
127;17;3;3;32;6;Bar;Estressado;Sim
12;5;5;2;42;3;Restaurante;Cansado;Sim
21;17;7;10;14;2;Parque;Cansado;Sim
83;18;7;1;11;5;Restaurante;Estável;Sim
25;4;4;0;39;2;Café;Estável;Sim
111;8;5;10;19;5;Café;Estressado;Sim
126;2;3;10;29;10;Bar;Estressado;Não
17;9;10;4;37;10;Café;Cansado;Sim
131;18;8;1;2;8;Café;Estressado;Sim
101;2;7;1;27;5;Restaurante;Estressado;Sim
99;14;9;6;25;3;Café;Cansado;Sim
145;0;9;7;29;4;Café;Estressado;Sim
69;6;0;9;12;5;Parque;Estressado;Não
37;11;1;7;12;10;Café;Cansado;Sim
110;16;8;3;1;2;Parque;Cansado;Sim
50;19;7;0;36;7;Café;Estável;Sim
55;4;2;10;48;3;Café;Cansado;Não
44;3;7;6;37;7;Bar;Estável;Sim
143;11;0;0;1;9;Bar;Estressado;Sim
91;19;9;10;35;9;Parque;Cansado;Sim
124;17;3;3;25;2;Café;Cansado;Sim
56;16;2;7;10;9;Restaurante;Cansado;Sim
19;18;5;1;7;6;Bar;Estressado;Sim
65;8;6;5;43;10;Restaurante;Estável;Sim
39;3;3;5;39;8;Bar;Estressado;Não
118;1;6;8;42;3;Bar;Estressado;Não
14;3;8;4;21;7;Café;Cansado;Sim
128;1;10;9;19;2;Bar;Estável;Sim
42;14;1;3;7;6;Restaurante;Estressado;Sim
127;1;10;4;28;2;Bar;Cansado;Sim
74;3;2;9;39;6;Parque;Estressado;Não
20;5;4;10;25;10;Café;Estressado;Sim
94;6;2;4;29;9;Café;Cansado;Sim
35;9;10;7;16;9;Parque;Cansado;Sim
72;18;7;9;19;10;Parque;Estável;Sim
95;18;9;7;15;10;Parque;Estressado;Sim
68;11;7;1;45;5;Bar;Cansado;Sim
36;2;7;6;42;1;Café;Cansado;Sim
107;12;8;7;6;10;Parque;Estável;Sim
114;17;3;10;15;2;Bar;Estável;Não
108;7;4;5;44;5;Parque;Cansado;Sim
138;14;4;4;46;3;Restaurante;Estável;Sim
64;0;7;10;47;5;Restaurante;Cansado;Não
15;2;6;8;26;0;Café;Estressado;Não
104;7;8;2;22;9;Bar;Estável;Sim
142;3;7;9;23;0;Restaurante;Estressado;Não
111;15;1;3;8;2;Restaurante;Estressado;Não
12;9;9;8;34;7;Bar;Estressado;Sim
32;11;3;5;19;7;Parque;Cansado;Sim
62;13;5;7;36;10;Bar;Estressado;Sim
92;13;1;6;41;3;Parque;Estressado;Não
94;1;6;10;16;5;Restaurante;Estressado;Não
87;4;2;1;46;7;Restaurante;Cansado;Sim
119;4;2;2;30;6;Restaurante;Estressado;Não
10;5;10;0;7;10;Café;Estressado;Sim
60;12;1;8;14;6;Café;Estável;Sim
13;8;10;6;30;3;Café;Cansado;Sim
122;14;7;0;29;8;Bar;Estressado;Sim
41;13;5;2;45;9;Restaurante;Estável;Sim
43;6;0;3;19;5;Restaurante;Cansado;Não
101;19;0;3;38;10;Bar;Cansado;Sim
104;1;6;4;11;2;Café;Cansado;Sim
81;6;7;2;48;4;Bar;Cansado;Sim
48;5;4;2;16;4;Café;Cansado;Sim
127;16;10;0;41;4;Restaurante;Cansado;Sim
12;1;4;6;29;7;Parque;Estressado;Não
132;2;3;10;28;8;Café;Estressado;Não
59;4;5;9;18;8;Restaurante;Estressado;Não
21;4;5;0;45;5;Restaurante;Estressado;Sim
63;0;2;1;10;5;Parque;Estável;Não
142;7;8;3;33;8;Restaurante;Estressado;Sim
66;11;10;3;49;3;Restaurante;Cansado;Sim
121;3;6;4;6;5;Café;Estressado;Sim
56;12;0;10;43;3;Café;Estressado;Não
94;14;6;1;33;10;Parque;Cansado;Sim
75;10;4;3;19;0;Parque;Estressado;Não
84;9;4;0;49;6;Restaurante;Estressado;Sim
112;2;1;1;37;9;Café;Estressado;Sim
47;13;3;0;23;10;Parque;Estável;Sim
59;15;5;9;9;5;Parque;Estressado;Sim
107;9;9;9;31;8;Bar;Cansado;Sim
91;9;10;3;14;6;Parque;Cansado;Sim
39;11;6;3;36;6;Restaurante;Estressado;Sim
88;8;10;6;19;1;Café;Estressado;Sim
100;0;4;9;2;10;Parque;Estressado;Não
61;4;8;10;36;8;Bar;Cansado;Sim
88;19;2;10;39;9;Café;Cansado;Sim
39;7;0;8;7;8;Parque;Estável;Não
115;10;3;8;39;5;Bar;Estável;Sim
60;11;8;4;43;2;Parque;Estável;Sim
90;0;3;9;22;0;Café;Cansado;Não
142;19;1;0;39;3;Café;Estável;Sim
38;10;9;0;10;2;Café;Estressado;Sim
141;4;4;5;45;0;Restaurante;Estressado;Não
147;14;2;1;7;2;Parque;Cansado;Sim
83;4;8;7;28;3;Restaurante;Estável;Sim
26;11;3;8;29;7;Café;Estressado;Sim
93;4;5;3;9;8;Bar;Cansado;Sim
78;16;1;4;38;2;Parque;Estável;Sim
43;16;5;10;27;5;Restaurante;Estressado;Sim
15;11;2;7;48;9;Parque;Estável;Sim
62;14;8;2;35;10;Bar;Cansado;Sim
135;14;10;4;12;4;Restaurante;Estável;Sim
52;5;1;2;31;5;Café;Cansado;Sim
124;11;8;9;35;3;Restaurante;Estável;Sim
120;19;4;2;36;9;Parque;Estressado;Sim
89;17;7;2;25;5;Parque;Cansado;Sim
104;13;1;6;21;6;Parque;Cansado;Sim
127;1;5;6;3;8;Parque;Cansado;Sim
17;8;2;6;30;9;Café;Estável;Sim
141;4;9;9;17;6;Restaurante;Estável;Sim
113;19;4;7;37;5;Café;Estressado;Sim
141;0;7;4;23;0;Café;Cansado;Sim
34;2;9;4;22;1;Café;Cansado;Sim
105;5;0;3;21;0;Parque;Estável;Não
102;4;4;6;1;8;Parque;Estável;Sim
70;4;2;9;30;9;Parque;Estressado;Não
131;0;3;3;10;9;Restaurante;Estressado;Sim
60;16;1;1;27;8;Bar;Estável;Sim
30;18;8;3;45;6;Parque;Cansado;Sim
14;13;2;7;31;1;Restaurante;Estressado;Não
101;11;1;8;4;5;Parque;Estável;Não
70;9;9;2;37;10;Parque;Estável;Sim
31;19;10;6;9;3;Café;Cansado;Sim
79;17;8;8;39;0;Café;Estável;Sim
10;10;6;10;45;0;Café;Estável;Sim
142;1;5;3;23;4;Restaurante;Estressado;Não
21;17;0;9;34;1;Bar;Estável;Não
99;6;4;2;43;3;Bar;Estável;Sim
55;14;10;4;47;0;Restaurante;Estressado;Sim
43;10;10;0;22;3;Parque;Cansado;Sim
87;17;2;2;16;10;Restaurante;Cansado;Sim
54;11;0;7;0;5;Parque;Estressado;Não
82;5;3;10;30;9;Restaurante;Estressado;Não
35;19;1;7;30;3;Restaurante;Cansado;Sim
56;12;1;3;41;0;Restaurante;Cansado;Não
130;19;2;1;41;6;Bar;Cansado;Sim
65;15;7;7;33;1;Café;Cansado;Sim
103;17;7;7;8;8;Restaurante;Cansado;Sim
116;9;6;9;21;2;Bar;Estressado;Não
72;7;5;3;12;7;Café;Estável;Sim
57;17;8;2;24;7;Café;Cansado;Sim
70;0;3;1;47;2;Restaurante;Cansado;Não
90;7;0;8;17;3;Parque;Estável;Não
35;5;7;0;11;1;Parque;Estável;Sim
45;4;6;6;39;3;Parque;Estável;Sim
10;14;6;4;16;10;Restaurante;Estável;Sim
17;14;2;7;14;10;Parque;Estável;Sim
122;1;3;3;41;10;Bar;Estável;Sim
108;0;9;6;14;8;Bar;Estressado;Sim
56;10;8;4;14;1;Bar;Estável;Sim
136;9;5;4;38;2;Bar;Estável;Sim
65;17;4;8;12;10;Café;Estressado;Sim
23;17;2;8;16;10;Bar;Estável;Sim
37;16;8;8;31;3;Parque;Cansado;Sim
87;7;4;5;8;4;Restaurante;Cansado;Não
139;14;4;5;39;0;Parque;Estável;Sim
118;7;3;4;19;6;Bar;Estressado;Não
23;16;3;8;25;9;Café;Cansado;Sim
65;11;0;9;26;6;Bar;Estressado;Não
124;7;6;7;20;8;Restaurante;Cansado;Sim
16;13;8;6;17;3;Parque;Estável;Sim
12;3;2;6;12;5;Restaurante;Estressado;Não
120;0;1;5;15;10;Restaurante;Estressado;Não
116;0;2;4;8;1;Restaurante;Estressado;Não
27;18;0;3;11;3;Parque;Cansado;Sim
47;15;5;2;43;1;Bar;Cansado;Sim
124;13;10;2;37;9;Restaurante;Cansado;Sim
24;15;10;5;18;4;Parque;Estável;Sim
128;4;6;3;6;6;Café;Cansado;Sim
37;8;10;5;34;0;Parque;Estável;Sim
48;1;10;2;47;9;Café;Estressado;Sim
26;17;1;3;17;9;Parque;Estressado;Sim
95;5;7;8;15;6;Bar;Estável;Sim
135;8;5;4;38;9;Restaurante;Cansado;Sim
53;0;3;6;3;5;Bar;Estável;Não
34;8;4;9;24;5;Parque;Estressado;Não
22;15;7;1;31;7;Restaurante;Estressado;Sim
34;12;2;4;39;7;Café;Estável;Sim
77;8;2;8;12;5;Parque;Cansado;Não
147;12;10;10;44;2;Restaurante;Cansado;Sim
76;8;3;2;16;4;Café;Estável;Sim
118;10;0;8;48;1;Café;Estável;Não
120;3;8;10;36;4;Bar;Cansado;Sim
120;1;7;5;5;8;Parque;Estressado;Sim
43;5;7;3;18;9;Café;Estável;Sim
120;13;9;6;12;0;Restaurante;Cansado;Sim
17;3;5;7;25;9;Café;Cansado;Sim
122;5;6;5;13;4;Café;Estressado;Sim
92;18;5;4;30;5;Bar;Estressado;Sim
51;5;8;5;3;10;Bar;Estressado;Sim
110;1;2;4;38;6;Restaurante;Estressado;Não
15;17;2;7;7;8;Bar;Estressado;Sim
35;12;2;0;24;5;Café;Estável;Sim
73;8;9;10;12;4;Café;Cansado;Sim
68;18;2;6;31;6;Bar;Estável;Sim
118;12;8;9;37;0;Café;Estável;Sim
130;10;3;9;37;10;Café;Estável;Sim
42;0;6;10;27;4;Restaurante;Estável;Não
30;6;8;1;29;1;Bar;Estável;Sim
79;14;10;8;2;3;Café;Estressado;Sim
121;0;6;0;27;6;Bar;Estressado;Sim
13;11;8;10;2;4;Restaurante;Cansado;Sim
103;6;2;9;44;5;Bar;Estável;Não
84;14;3;5;33;1;Café;Cansado;Sim
71;18;7;8;15;2;Bar;Estressado;Sim
103;0;5;0;21;6;Café;Estressado;Sim
104;16;4;3;31;10;Café;Estressado;Sim
64;16;3;3;37;1;Café;Estável;Sim
146;2;7;8;7;5;Restaurante;Estável;Sim
140;11;0;10;7;4;Bar;Estressado;Não
40;5;8;4;5;9;Restaurante;Cansado;Sim
49;10;0;4;13;0;Bar;Cansado;Não
45;2;7;5;31;10;Restaurante;Estressado;Sim
15;7;3;0;34;9;Parque;Cansado;Sim
75;13;8;0;9;10;Café;Estressado;Sim
84;13;10;8;2;3;Café;Cansado;Sim
13;9;4;2;11;10;Restaurante;Estressado;Sim
88;1;2;3;48;1;Parque;Cansado;Não
143;13;8;0;30;3;Café;Estável;Sim
127;8;10;8;28;0;Bar;Estressado;Sim
122;2;8;7;4;1;Restaurante;Estressado;Não
103;7;3;1;24;7;Café;Cansado;Sim
71;15;10;7;40;5;Café;Estressado;Sim
88;1;3;6;30;1;Restaurante;Estressado;Não
145;5;7;10;20;5;Restaurante;Estressado;Sim
35;11;1;5;19;9;Bar;Estável;Sim
53;4;8;0;38;8;Bar;Estável;Sim
142;1;5;6;21;6;Café;Cansado;Sim
79;15;8;9;3;8;Café;Estável;Sim
127;4;7;6;12;4;Restaurante;Cansado;Sim
77;14;6;8;44;6;Café;Estável;Sim
28;11;0;0;41;10;Café;Cansado;Sim
29;3;2;1;49;6;Restaurante;Estável;Sim
122;14;10;10;48;2;Café;Estável;Sim
149;10;1;8;19;6;Café;Cansado;Sim
56;15;4;8;12;0;Parque;Estressado;Não
10;5;4;5;16;8;Bar;Estressado;Não
99;13;4;5;35;9;Restaurante;Estável;Sim
73;17;3;3;32;5;Parque;Cansado;Sim
47;11;4;3;0;4;Bar;Estressado;Não
46;10;2;4;14;6;Bar;Cansado;Não
135;12;0;2;12;4;Bar;Estressado;Não
148;10;4;0;16;9;Parque;Cansado;Sim
109;15;8;0;23;4;Parque;Estável;Sim
86;14;8;6;7;10;Bar;Cansado;Sim
12;14;3;0;49;9;Café;Estressado;Sim
143;3;2;0;26;10;Café;Estável;Sim
19;10;0;2;44;6;Parque;Cansado;Sim
14;18;1;9;22;9;Parque;Estressado;Sim
147;14;7;3;45;6;Parque;Estável;Sim
139;3;0;3;7;10;Bar;Cansado;Não
22;12;7;1;7;2;Café;Estressado;Sim
139;18;6;0;25;2;Parque;Cansado;Sim
93;1;7;2;46;9;Parque;Cansado;Sim
74;13;5;10;12;2;Restaurante;Estável;Sim
72;3;8;3;38;5;Bar;Estável;Sim
110;15;2;2;36;5;Restaurante;Estressado;Sim
82;19;9;7;48;2;Café;Estável;Sim
26;13;3;9;27;2;Restaurante;Estressado;Não
18;14;5;0;24;7;Restaurante;Cansado;Sim
47;2;7;1;15;7;Restaurante;Cansado;Sim
103;7;4;6;1;6;Bar;Estressado;Não
104;15;2;3;17;9;Café;Cansado;Sim
58;9;5;7;16;3;Restaurante;Estável;Sim
78;3;3;10;29;3;Bar;Cansado;Não
71;17;8;2;38;2;Café;Estável;Sim
87;1;2;5;12;4;Parque;Estressado;Não
126;16;3;8;31;2;Restaurante;Estressado;Sim
129;12;6;0;49;7;Café;Cansado;Sim
146;3;6;0;28;6;Restaurante;Cansado;Sim
85;10;3;7;45;2;Parque;Estável;Sim
44;6;5;2;29;8;Café;Estável;Sim
10;11;2;4;17;4;Bar;Cansado;Não
49;9;5;0;12;8;Café;Cansado;Sim
73;6;1;4;42;6;Bar;Estressado;Não
69;12;7;10;20;6;Café;Estressado;Sim
73;6;1;5;29;5;Bar;Estressado;Não
102;16;10;7;20;1;Parque;Cansado;Sim
81;9;6;2;47;8;Parque;Cansado;Sim
20;9;8;2;16;5;Parque;Cansado;Sim
114;3;0;10;39;7;Café;Estressado;Não
23;19;7;10;18;0;Parque;Cansado;Sim
69;3;6;9;14;4;Restaurante;Estável;Não
39;6;5;8;8;0;Parque;Cansado;Não
44;0;5;3;9;9;Bar;Cansado;Sim
14;11;5;3;43;10;Bar;Cansado;Sim
92;12;8;6;30;7;Bar;Cansado;Sim
132;9;1;1;22;7;Café;Cansado;Sim
87;14;0;7;29;0;Restaurante;Estável;Não
71;12;5;5;32;8;Parque;Estável;Sim
141;8;9;2;8;1;Restaurante;Cansado;Sim
98;8;10;8;46;8;Restaurante;Estressado;Sim
51;14;7;4;0;0;Bar;Cansado;Sim
98;9;2;7;43;9;Bar;Cansado;Sim
49;9;9;6;34;8;Bar;Cansado;Sim
81;7;0;7;10;3;Café;Estressado;Não
48;15;8;6;33;8;Restaurante;Estressado;Sim
113;16;0;2;15;6;Restaurante;Estressado;Sim
23;4;2;1;8;10;Café;Estável;Sim
41;3;7;6;31;5;Café;Estressado;Sim
134;17;2;2;14;4;Café;Estável;Sim
106;18;3;2;11;10;Restaurante;Estável;Sim
32;3;7;1;32;8;Restaurante;Estressado;Sim
72;6;0;3;44;1;Bar;Estressado;Não
62;9;5;7;13;10;Bar;Estressado;Sim
113;17;0;0;7;1;Restaurante;Estável;Sim
113;18;0;0;7;10;Bar;Cansado;Sim
48;3;7;4;26;8;Café;Estressado;Sim
143;9;10;10;11;2;Parque;Estressado;Sim
76;0;3;4;0;7;Bar;Estressado;Não
144;17;0;10;42;10;Restaurante;Estável;Sim
51;4;9;0;39;8;Bar;Estável;Sim
24;14;6;5;41;7;Bar;Cansado;Sim
120;16;4;0;10;3;Bar;Estressado;Sim
42;2;4;4;38;0;Parque;Estável;Não
47;11;0;8;42;3;Café;Cansado;Não
106;1;9;4;30;8;Restaurante;Estressado;Sim
42;0;10;5;16;1;Parque;Estável;Sim
95;16;5;7;32;2;Restaurante;Estressado;Sim
75;15;8;10;31;9;Restaurante;Estressado;Sim
19;4;8;0;28;7;Restaurante;Estável;Sim
14;14;7;1;20;5;Parque;Estável;Sim
132;2;4;8;20;7;Café;Estável;Sim
83;6;0;2;39;6;Restaurante;Estressado;Não
106;10;8;5;22;4;Café;Estressado;Sim
127;9;0;4;5;8;Café;Cansado;Sim
47;8;7;10;21;3;Bar;Estressado;Não
56;13;4;1;49;5;Parque;Estável;Sim
118;12;2;6;37;1;Parque;Estressado;Não
24;1;10;3;36;1;Bar;Cansado;Sim
145;2;6;0;44;1;Bar;Cansado;Sim
14;6;6;3;7;9;Café;Estável;Sim
56;17;8;5;40;6;Restaurante;Estável;Sim
77;2;6;6;48;1;Parque;Cansado;Não
85;9;10;6;34;1;Restaurante;Cansado;Sim
139;6;2;6;10;8;Restaurante;Cansado;Sim
104;8;10;2;23;6;Bar;Estável;Sim
124;16;0;5;48;10;Restaurante;Cansado;Sim
45;10;7;7;20;2;Café;Cansado;Sim
35;6;2;3;1;2;Bar;Estável;Não
52;13;7;7;39;6;Restaurante;Estressado;Sim
36;18;7;1;18;4;Bar;Estressado;Sim
78;3;4;9;38;9;Café;Cansado;Sim
20;5;0;8;27;5;Café;Estressado;Não
83;9;9;8;16;7;Restaurante;Estressado;Sim
113;6;6;7;5;8;Bar;Estressado;Sim
47;12;9;9;18;0;Restaurante;Estressado;Sim
143;13;4;9;37;2;Restaurante;Cansado;Sim
32;3;7;0;27;10;Bar;Estressado;Sim
56;7;8;1;1;6;Restaurante;Estressado;Sim
99;4;10;5;37;5;Café;Estável;Sim
55;0;6;9;36;6;Bar;Cansado;Não
116;3;6;4;3;7;Bar;Estável;Sim
149;2;0;8;21;5;Bar;Estável;Não
113;8;3;4;25;2;Bar;Cansado;Não
120;7;1;1;48;1;Restaurante;Estressado;Não
113;0;1;9;42;6;Restaurante;Estável;Não
69;5;1;3;35;10;Café;Cansado;Sim
109;8;3;8;12;0;Parque;Estressado;Não
77;6;0;0;31;2;Parque;Cansado;Não
142;3;3;10;16;10;Café;Estável;Sim
129;12;1;0;40;3;Parque;Estressado;Sim
46;16;4;6;35;0;Café;Estressado;Sim
81;1;2;10;45;4;Restaurante;Cansado;Não
136;4;7;2;18;9;Bar;Estressado;Sim
115;11;3;9;34;2;Bar;Estável;Não
101;7;0;1;45;1;Restaurante;Estável;Não
40;5;0;8;39;2;Bar;Estável;Não
131;7;9;2;27;7;Bar;Cansado;Sim
146;17;2;1;0;5;Parque;Estressado;Sim
60;2;8;7;41;6;Restaurante;Estressado;Sim
38;11;6;9;17;5;Parque;Estressado;Sim
49;2;1;5;47;5;Parque;Estável;Não
50;5;8;5;39;2;Bar;Estressado;Sim
20;1;9;9;32;7;Bar;Estável;Sim
10;11;1;10;11;6;Restaurante;Estressado;Não
55;1;2;6;7;6;Bar;Estável;Não
110;5;10;6;23;5;Bar;Estressado;Sim
99;16;9;10;15;4;Restaurante;Cansado;Sim
119;2;1;5;49;9;Bar;Cansado;Não
66;1;2;3;3;7;Parque;Estável;Não
10;19;5;10;37;4;Restaurante;Estável;Sim
72;7;8;8;43;8;Bar;Estressado;Sim
64;11;8;5;26;8;Café;Estressado;Sim
124;3;6;3;8;0;Restaurante;Cansado;Não
62;4;2;2;46;5;Restaurante;Estressado;Não
146;12;3;3;15;6;Café;Estável;Sim
66;14;5;2;11;2;Bar;Estável;Sim
126;15;10;1;30;6;Bar;Estável;Sim
44;9;4;4;23;10;Restaurante;Estável;Sim
72;15;1;1;13;10;Restaurante;Estável;Sim
34;11;5;5;44;6;Bar;Cansado;Sim
99;16;2;2;24;10;Bar;Cansado;Sim
84;15;7;5;33;1;Parque;Estável;Sim
47;11;1;10;2;6;Restaurante;Estressado;Não
139;7;0;9;23;0;Restaurante;Estável;Não
144;19;8;8;41;4;Café;Cansado;Sim
100;2;2;0;8;8;Parque;Estável;Sim
26;15;10;5;25;6;Bar;Cansado;Sim
137;12;0;8;19;6;Parque;Cansado;Não
117;18;6;10;39;10;Bar;Estável;Sim
34;7;9;3;9;1;Bar;Estável;Sim
97;4;4;10;18;7;Parque;Estressado;Não
38;19;4;1;2;2;Restaurante;Cansado;Sim
72;7;0;3;23;7;Bar;Estressado;Não
123;11;8;0;4;2;Parque;Estável;Sim
58;0;6;2;2;9;Café;Cansado;Sim
90;19;7;9;26;6;Parque;Estressado;Sim
93;5;8;8;15;1;Café;Estressado;Sim
114;17;5;9;48;3;Bar;Estressado;Sim
127;7;4;4;14;10;Parque;Estável;Sim
95;6;5;10;34;5;Parque;Estável;Sim
72;0;10;5;11;10;Café;Estável;Sim
113;15;1;2;40;8;Parque;Cansado;Sim
58;11;3;4;43;4;Parque;Estável;Sim
80;5;2;10;25;8;Bar;Cansado;Não
10;19;6;7;46;4;Parque;Estressado;Sim
132;1;8;5;33;9;Restaurante;Estressado;Sim
71;13;4;3;22;7;Café;Estável;Sim
41;3;5;1;30;0;Parque;Estressado;Não
38;0;9;8;49;6;Café;Estável;Sim
58;17;1;0;19;3;Café;Cansado;Sim
39;12;2;0;11;4;Café;Estressado;Sim
28;1;2;3;22;5;Parque;Estável;Não
27;8;8;6;3;4;Parque;Estressado;Sim
10;1;6;0;22;0;Café;Estressado;Não
87;8;7;8;47;8;Restaurante;Estável;Sim
124;0;10;3;47;1;Café;Estressado;Sim
122;10;9;2;0;8;Restaurante;Estressado;Sim
123;2;10;0;24;9;Café;Estressado;Sim
72;19;8;9;1;1;Bar;Estressado;Sim
141;3;5;3;29;8;Café;Cansado;Sim
138;17;3;8;2;5;Café;Estressado;Sim
17;5;0;9;20;10;Parque;Estressado;Não
64;2;7;5;24;8;Restaurante;Estável;Sim
112;10;6;5;19;5;Bar;Cansado;Sim
140;14;1;0;48;5;Restaurante;Estável;Sim
41;4;7;9;21;10;Bar;Estável;Sim
19;19;4;1;20;1;Café;Estável;Sim
119;9;6;10;32;7;Parque;Cansado;Sim
133;11;3;5;37;2;Parque;Estável;Sim
96;14;4;1;14;6;Restaurante;Estável;Sim
64;16;7;2;45;4;Parque;Estável;Sim
41;9;0;3;14;2;Restaurante;Estressado;Não
144;5;0;10;45;0;Restaurante;Estável;Não
102;17;3;4;24;7;Bar;Cansado;Sim
17;12;2;8;20;2;Restaurante;Cansado;Não
74;2;9;3;23;1;Bar;Estressado;Sim
66;9;1;10;4;0;Parque;Cansado;Não
76;13;2;8;5;3;Restaurante;Cansado;Não
81;5;10;10;48;7;Restaurante;Estressado;Sim
63;2;10;9;42;2;Café;Estável;Sim
76;15;10;2;47;0;Restaurante;Estressado;Sim
60;6;0;7;43;3;Restaurante;Estável;Não
106;19;0;0;46;8;Café;Estável;Sim
101;13;5;10;22;0;Café;Cansado;Sim
17;8;4;8;3;10;Parque;Estressado;Sim
44;14;7;8;26;1;Restaurante;Cansado;Sim
105;2;1;9;17;8;Parque;Cansado;Não
97;1;3;1;20;1;Parque;Estável;Não
87;1;7;3;27;2;Café;Cansado;Sim
41;2;5;7;34;6;Bar;Estressado;Não
129;17;0;6;21;2;Parque;Cansado;Sim
55;13;3;0;39;8;Bar;Cansado;Sim
64;19;0;4;22;5;Restaurante;Estável;Sim
16;17;1;6;2;2;Café;Estressado;Não
83;9;4;3;39;8;Restaurante;Cansado;Sim
16;1;7;0;49;0;Restaurante;Estável;Sim
94;0;7;8;9;9;Café;Cansado;Sim
121;3;10;4;24;2;Restaurante;Estressado;Sim
134;13;2;10;48;0;Café;Cansado;Não
45;0;10;1;7;1;Bar;Cansado;Sim
38;13;3;7;10;7;Restaurante;Estável;Sim
91;15;9;10;4;6;Café;Cansado;Sim
11;13;10;1;44;1;Parque;Estável;Sim
138;19;5;2;36;1;Restaurante;Estressado;Sim
56;2;10;9;44;8;Bar;Cansado;Sim
20;2;10;0;37;5;Café;Estressado;Sim
139;8;9;10;28;4;Restaurante;Estressado;Sim
128;5;2;1;4;9;Restaurante;Cansado;Sim
149;12;1;6;8;5;Restaurante;Estável;Sim
29;1;5;9;47;8;Bar;Estressado;Não
14;7;10;1;1;10;Café;Estressado;Sim
46;1;4;5;0;6;Parque;Cansado;Não
146;3;9;2;39;9;Parque;Cansado;Sim
62;14;4;3;29;9;Parque;Cansado;Sim
108;3;9;10;10;8;Café;Cansado;Sim
95;12;4;7;27;3;Parque;Cansado;Sim
117;11;9;2;43;1;Bar;Cansado;Sim
33;12;4;9;11;7;Café;Estável;Sim
90;13;2;5;38;3;Restaurante;Estressado;Sim
129;19;6;0;25;8;Bar;Estável;Sim
68;17;5;6;12;3;Restaurante;Estável;Sim
137;5;3;7;7;7;Parque;Cansado;Sim
123;10;1;10;27;8;Bar;Estressado;Não
124;1;8;7;29;8;Café;Estável;Sim
